Autor,Data,Likes,Texto da Review
Thayn√°,"January 2, 2024",4 likes,n√£o teve a cena do cemit√©rio üíî
mar,"December 25, 2023",3 likes,"This hq is gorgeous! I got this for Christmas and I read it in an hour, the illustrations are so perfect and my boyfriend (C√©sar) looks beautiful!!! I cried at the spider scenes, and my sweetheart cried talking about the cold... I don't feel well! Also, they put ""things we lost in the fire"" in the book, I can't believe it!!! 	It's very accurate to the season and, although they've added a lot, the essence remains the same and it's very captivating. The only thing I didn't quite understand was the future shown on page 9, since we know what happens... but I was so happy to see that timeline that I got all giddy!"
Robin,"March 19, 2024",1 like,"Estou sem palavras para descrever essa HQ. A continuacao de Inicia√ß√£o e primeira parte de O Segredo na Floresta continuou me surpreendendo como a primeira HQ em quest√£o de qualidade, roteiro, arte e muito mais.  Amo como conseguiram captar bem a vibe da segunda temporada do RPG e incorporar cenas ic√¥nicas na HQ. Desde momentos que n√≥s fizeram engasgar de tanto chorar (com acr√©scimos que me fizeram chorar mais ainda), at√© momento divertidos e memor√°veis da temporada. Adorei tamb√©m como a HQ tenta nos situar com uma abordagem diferente do RPG e est√° respondendo perguntas aos poucos. As rer√™ncias a passado, presente e futuro me deixaram BOQUIABERTA. Num geral eu estou muito orgulhosa de at√© aonde esse projeto t√° chegando e de como tudo est√° sendo adaptado e entregue ao mundo (literalmente, Ordem Paranormal t√° internacional üôè), orgulho do Cellbit e de toda a equipe por tr√°s de trazer a vida o Ordem para o universo das HQs. Recomendo muito a leitura queira voc√™ acompanhe o RPG (que originou as HQs) ou n√£o! Vale muito a pena mesmo."
Manuela,"January 1, 2024",,"Things we Lost in The fire... Meu.pai.amado.do.c√©u. Eu n√£o tenho palavras suficiente para descrever o que foi ler Segredo na Floresta em uma HQ. S√©rio.  Isso est√° acima de perfeito, t√° surreal!!!! N√£o sei como mas eles conseguiram manter completamente a ess√™ncia das campanhas e MELHORARAM muito mais o que eu achei que n√£o tinha como ser melhorado. Principalmente os momentos marcantes no RPG, conseguiram trazer de uma forma mais real e natural que foi perfeito, pra mim. E a perman√™ncia de frases e cenas ic√¥nicas.... TUDO PRA MIM!!! Parab√©ns a todos os envolvidos! Esse livro √© uma obra de arte. Aconselho a todos que forem ler a ouvirem as m√∫sicas sugeridas ao mesmo tempo que lerem (PRINCIPALMENTE A √öLTIMA) e tamb√©m as m√∫sicas das campanhas. Eleva a experi√™ncia pra um outro n√≠vel!"
Mary !! ‚ô°,"March 23, 2024",,"As primeiras p√°ginas foram suco de puro gatilho, por favor cellbit n√£o fa√ßa mais isso ou irei casquetea-lo na porrada. Livro perfeito, apesar de algumas coisas acabarem se perdendo/mudando do RPG-video √© super compreens√≠vel pelo fato de ser uma adapta√ß√£o em HQ e tamb√©m por talvez voltarem no livro 2. Ordem simplesmente consegue ser a melhor m√≠dia j√° criada de todos os tempos."
Fernanda,"December 13, 2023",,"Essa √© at√© hoje minha temporada favorita do rpg e sinto que a adapta√ß√£o em hq foi impec√°vel. O esquema de cores e as artes est√£o perfeitas, alguns detalhes me deixaram emocionada e chorei algumas vezes de pura nostalgia.  Recomendo muito."
Taiana Romero,"December 31, 2023",,"uma adapta√ß√£o ainda melhor do que a primeira, da minha temporada favorita ‚ù§Ô∏è"
Lara,"January 1, 2024",,"üåü: 2,5"
Bia,"February 7, 2024",,*2.5 stars
Pedro Paes,"March 6, 2024",,√≥timo por√©m n√£o gostei da forma que foi adaptado
Alice,"April 8, 2024",,Amei as m√∫sicas super combinando com as cenas
peach jam,"August 6, 2024",,3.5
levi,"December 20, 2023",,"ai que saudades que eu estava de osnf!! adorei as referencias, adorei o lance de ficar brincando com o tempo, adorei os easter eggs, adorei tudo, que historia boa da porra."
Rafaella,"April 4, 2024",,Magnificient.
